/*
 Navicat Premium Data Transfer

 Source Server         : localhost
 Source Server Type    : MySQL
 Source Server Version : 50723
 Source Host           : 192.168.100.8:3306
 Source Schema         : hypnopedia

 Target Server Type    : MySQL
 Target Server Version : 50723
 File Encoding         : 65001

 Date: 30/04/2020 08:06:48
*/

SET NAMES utf8mb4;
SET FOREIGN_KEY_CHECKS = 0;

-- ----------------------------
-- Table structure for article_article_category
-- ----------------------------
DROP TABLE IF EXISTS `article_article_category`;
CREATE TABLE `article_article_category`  (
  `id` bigint(20) UNSIGNED NOT NULL AUTO_INCREMENT,
  `article_id` bigint(20) UNSIGNED NOT NULL,
  `article_category_id` bigint(20) UNSIGNED NOT NULL,
  `created_at` timestamp(0) NULL DEFAULT NULL,
  `updated_at` timestamp(0) NULL DEFAULT NULL,
  PRIMARY KEY (`id`) USING BTREE,
  INDEX `article_article_category_article_id_index`(`article_id`) USING BTREE,
  INDEX `article_article_category_article_category_id_index`(`article_category_id`) USING BTREE,
  CONSTRAINT `article_article_category_article_category_id_foreign` FOREIGN KEY (`article_category_id`) REFERENCES `article_categories` (`id`) ON DELETE CASCADE ON UPDATE RESTRICT,
  CONSTRAINT `article_article_category_article_id_foreign` FOREIGN KEY (`article_id`) REFERENCES `articles` (`id`) ON DELETE CASCADE ON UPDATE RESTRICT
) ENGINE = InnoDB AUTO_INCREMENT = 19 CHARACTER SET = utf8mb4 COLLATE = utf8mb4_unicode_ci ROW_FORMAT = Dynamic;

-- ----------------------------
-- Records of article_article_category
-- ----------------------------
INSERT INTO `article_article_category` VALUES (2, 5, 3, NULL, NULL);
INSERT INTO `article_article_category` VALUES (3, 6, 3, NULL, NULL);
INSERT INTO `article_article_category` VALUES (4, 6, 4, NULL, NULL);
INSERT INTO `article_article_category` VALUES (5, 6, 5, NULL, NULL);
INSERT INTO `article_article_category` VALUES (6, 7, 4, NULL, NULL);
INSERT INTO `article_article_category` VALUES (7, 7, 5, NULL, NULL);
INSERT INTO `article_article_category` VALUES (8, 7, 6, NULL, NULL);
INSERT INTO `article_article_category` VALUES (9, 8, 4, NULL, NULL);
INSERT INTO `article_article_category` VALUES (10, 8, 7, NULL, NULL);
INSERT INTO `article_article_category` VALUES (11, 9, 4, NULL, NULL);
INSERT INTO `article_article_category` VALUES (12, 9, 6, NULL, NULL);
INSERT INTO `article_article_category` VALUES (13, 9, 7, NULL, NULL);
INSERT INTO `article_article_category` VALUES (14, 10, 4, NULL, NULL);
INSERT INTO `article_article_category` VALUES (15, 10, 6, NULL, NULL);
INSERT INTO `article_article_category` VALUES (16, 10, 8, NULL, NULL);
INSERT INTO `article_article_category` VALUES (17, 11, 4, NULL, NULL);
INSERT INTO `article_article_category` VALUES (18, 11, 6, NULL, NULL);

-- ----------------------------
-- Table structure for article_categories
-- ----------------------------
DROP TABLE IF EXISTS `article_categories`;
CREATE TABLE `article_categories`  (
  `id` bigint(20) UNSIGNED NOT NULL AUTO_INCREMENT,
  `title` varchar(255) CHARACTER SET utf8mb4 COLLATE utf8mb4_unicode_ci NOT NULL,
  `slug` varchar(255) CHARACTER SET utf8mb4 COLLATE utf8mb4_unicode_ci NOT NULL,
  `meta_title` varchar(255) CHARACTER SET utf8mb4 COLLATE utf8mb4_unicode_ci NULL DEFAULT NULL,
  `meta_desc` varchar(255) CHARACTER SET utf8mb4 COLLATE utf8mb4_unicode_ci NULL DEFAULT NULL,
  `meta_keys` varchar(255) CHARACTER SET utf8mb4 COLLATE utf8mb4_unicode_ci NULL DEFAULT NULL,
  `created_at` timestamp(0) NULL DEFAULT NULL,
  `updated_at` timestamp(0) NULL DEFAULT NULL,
  PRIMARY KEY (`id`) USING BTREE
) ENGINE = InnoDB AUTO_INCREMENT = 13 CHARACTER SET = utf8mb4 COLLATE = utf8mb4_unicode_ci ROW_FORMAT = Dynamic;

-- ----------------------------
-- Records of article_categories
-- ----------------------------
INSERT INTO `article_categories` VALUES (3, 'Категория 2', 'kategoriya-2', NULL, NULL, NULL, '2020-04-29 01:25:25', '2020-04-29 01:25:25');
INSERT INTO `article_categories` VALUES (4, 'Meditation', 'meditation', NULL, NULL, NULL, '2020-04-29 10:14:53', '2020-04-29 10:14:53');
INSERT INTO `article_categories` VALUES (5, 'Affirmation', 'affirmation', NULL, NULL, NULL, '2020-04-29 10:15:04', '2020-04-29 10:15:04');
INSERT INTO `article_categories` VALUES (6, 'Mental health', 'mental-health', NULL, NULL, NULL, '2020-04-29 10:15:23', '2020-04-29 10:15:23');
INSERT INTO `article_categories` VALUES (7, 'HAPPINESS', 'happiness', NULL, NULL, NULL, '2020-04-29 10:15:56', '2020-04-29 10:15:56');
INSERT INTO `article_categories` VALUES (8, 'MINDFULLNESS', 'mindfullness', NULL, NULL, NULL, '2020-04-29 10:16:05', '2020-04-29 10:16:05');
INSERT INTO `article_categories` VALUES (9, 'DREAMS', 'dreams', NULL, NULL, NULL, '2020-04-29 10:16:16', '2020-04-29 10:16:16');
INSERT INTO `article_categories` VALUES (10, 'POSITIVE THINKING', 'positive-thinking', NULL, NULL, NULL, '2020-04-29 10:16:26', '2020-04-29 10:16:26');
INSERT INTO `article_categories` VALUES (11, 'SUGGESTION', 'suggestion', NULL, NULL, NULL, '2020-04-29 10:16:34', '2020-04-29 10:16:34');
INSERT INTO `article_categories` VALUES (12, 'HYPNOPEDIA', 'hypnopedia', NULL, NULL, NULL, '2020-04-29 10:16:50', '2020-04-29 10:16:50');

-- ----------------------------
-- Table structure for article_populars
-- ----------------------------
DROP TABLE IF EXISTS `article_populars`;
CREATE TABLE `article_populars`  (
  `id` bigint(20) UNSIGNED NOT NULL AUTO_INCREMENT,
  `article_id` bigint(20) UNSIGNED NOT NULL,
  `created_at` timestamp(0) NULL DEFAULT NULL,
  `updated_at` timestamp(0) NULL DEFAULT NULL,
  PRIMARY KEY (`id`) USING BTREE,
  INDEX `article_populars_article_id_index`(`article_id`) USING BTREE,
  CONSTRAINT `article_populars_article_id_foreign` FOREIGN KEY (`article_id`) REFERENCES `articles` (`id`) ON DELETE CASCADE ON UPDATE RESTRICT
) ENGINE = InnoDB AUTO_INCREMENT = 11 CHARACTER SET = utf8mb4 COLLATE = utf8mb4_unicode_ci ROW_FORMAT = Dynamic;

-- ----------------------------
-- Records of article_populars
-- ----------------------------
INSERT INTO `article_populars` VALUES (6, 5, '2020-04-29 10:56:50', '2020-04-29 10:56:50');
INSERT INTO `article_populars` VALUES (7, 6, '2020-04-29 10:56:51', '2020-04-29 10:56:51');
INSERT INTO `article_populars` VALUES (8, 7, '2020-04-29 10:56:53', '2020-04-29 10:56:53');
INSERT INTO `article_populars` VALUES (9, 8, '2020-04-29 10:56:55', '2020-04-29 10:56:55');
INSERT INTO `article_populars` VALUES (10, 9, '2020-04-29 10:56:56', '2020-04-29 10:56:56');

-- ----------------------------
-- Table structure for articles
-- ----------------------------
DROP TABLE IF EXISTS `articles`;
CREATE TABLE `articles`  (
  `id` bigint(20) UNSIGNED NOT NULL AUTO_INCREMENT,
  `title` varchar(255) CHARACTER SET utf8mb4 COLLATE utf8mb4_unicode_ci NOT NULL,
  `slug` varchar(255) CHARACTER SET utf8mb4 COLLATE utf8mb4_unicode_ci NOT NULL,
  `is_active` tinyint(1) NOT NULL,
  `meta_title` varchar(255) CHARACTER SET utf8mb4 COLLATE utf8mb4_unicode_ci NULL DEFAULT NULL,
  `meta_desc` varchar(255) CHARACTER SET utf8mb4 COLLATE utf8mb4_unicode_ci NULL DEFAULT NULL,
  `meta_keys` varchar(255) CHARACTER SET utf8mb4 COLLATE utf8mb4_unicode_ci NULL DEFAULT NULL,
  `cover_path` varchar(255) CHARACTER SET utf8mb4 COLLATE utf8mb4_unicode_ci NULL DEFAULT NULL,
  `announcement` text CHARACTER SET utf8mb4 COLLATE utf8mb4_unicode_ci NOT NULL,
  `user_id` bigint(20) UNSIGNED NOT NULL,
  `created_at` timestamp(0) NULL DEFAULT NULL,
  `updated_at` timestamp(0) NULL DEFAULT NULL,
  PRIMARY KEY (`id`) USING BTREE
) ENGINE = InnoDB AUTO_INCREMENT = 12 CHARACTER SET = utf8mb4 COLLATE = utf8mb4_unicode_ci ROW_FORMAT = Dynamic;

-- ----------------------------
-- Records of articles
-- ----------------------------
INSERT INTO `articles` VALUES (5, 'Lorem ipsum dolor sit amet, consectetur adipiscing elit, sed', '123123', 1, '123123', '31231231', '12312312', '/photos/shares/61a2d5685f8477c4a7802b33a7acb28d.jpg', 'Lorem ipsum dolor sit amet, consectetur adipiscing elit, sed do eiusmod tempor incididunt ut labore et dolore magna aliqua. Ut enim ad minim veniam, quis nostrud exercitation ullamco laboris nisi ut aliquip ex ea commodo consequat. Duis aute irure dolor in reprehenderit in voluptate velit esse cillum dolore eu fugiat nulla pariatur. Excepteur sint occaecat cupidatat non proident, sunt in culpa qui officia deserunt mollit anim id est laborum.', 1, '2020-04-29 01:22:27', '2020-04-29 09:40:20');
INSERT INTO `articles` VALUES (6, 'Lorem ipsum dolor sit amet, consectetur adipiscing elit', 'lorem-ipsum-dolor-sit-amet-consectetur-adipiscing-elit', 1, NULL, NULL, NULL, '/photos/shares/61a2d5685f8477c4a7802b33a7acb28d.jpg', 'Lorem ipsum dolor sit amet, consectetur adipiscing elit, sed do eiusmod tempor incididunt ut labore et dolore magna aliqua. Ut enim ad minim veniam, quis nostrud exercitation ullamco laboris nisi ut aliquip ex ea commodo consequat. Duis aute irure dolor in reprehenderit in voluptate velit esse cillum dolore eu fugiat nulla pariatur. Excepteur sint occaecat cupidatat non proident, sunt in culpa qui officia deserunt mollit anim id est laborum.', 1, '2020-04-29 10:40:48', '2020-04-29 10:40:48');
INSERT INTO `articles` VALUES (7, 'Lorem ipsum dolor sit amet, consectetur adipiscing elit, sed do eiusmod tempor', 'lorem-ipsum-dolor-sit-amet-consectetur-adipiscing-elit-sed-do-eiusmod-tempor', 1, NULL, NULL, NULL, '/photos/shares/61a2d5685f8477c4a7802b33a7acb28d.jpg', 'Lorem ipsum dolor sit amet, consectetur adipiscing elit, sed do eiusmod tempor incididunt ut labore et dolore magna aliqua. Ut enim ad minim veniam, quis nostrud exercitation ullamco laboris nisi ut aliquip ex ea commodo consequat. Duis aute irure dolor in reprehenderit in voluptate velit esse cillum dolore eu fugiat nulla pariatur. Excepteur sint occaecat cupidatat non proident, sunt in culpa qui officia deserunt mollit anim id est laborum.', 1, '2020-04-29 10:41:52', '2020-04-29 10:41:52');
INSERT INTO `articles` VALUES (8, 'Lorem ipsum dolor sit amet, consectetur adipiscing', 'lorem-ipsum-dolor-sit-amet-consectetur-adipiscing', 1, NULL, NULL, NULL, '/photos/shares/61a2d5685f8477c4a7802b33a7acb28d.jpg', 'Lorem ipsum dolor sit amet, consectetur adipiscing elit, sed do eiusmod tempor incididunt ut labore et dolore magna aliqua. Ut enim ad minim veniam, quis nostrud exercitation ullamco laboris nisi ut aliquip ex ea commodo consequat. Duis aute irure dolor in reprehenderit in voluptate velit esse cillum dolore eu fugiat nulla pariatur. Excepteur sint occaecat cupidatat non proident, sunt in culpa qui officia deserunt mollit anim id est laborum.', 1, '2020-04-29 10:42:36', '2020-04-29 10:42:36');
INSERT INTO `articles` VALUES (9, 'Lorem ipsum dolor sit amet, consectetur adipiscing', 'lorem-ipsum-dolor-sit-amet-consectetur-adipiscing-1', 1, NULL, NULL, NULL, '/photos/shares/61a2d5685f8477c4a7802b33a7acb28d.jpg', 'Lorem ipsum dolor sit amet, consectetur adipiscing Lorem ipsum dolor sit amet, consectetur adipiscing Lorem ipsum dolor sit amet, consectetur adipiscing Lorem ipsum dolor sit amet, consectetur adipiscing Lorem ipsum dolor sit amet, consectetur adipiscing Lorem ipsum dolor sit amet, consectetur adipiscing Lorem ipsum dolor sit amet, consectetur adipiscing Lorem ipsum dolor sit amet, consectetur adipiscing Lorem ipsum dolor sit amet, consectetur adipiscing Lorem ipsum dolor sit amet, consectetur adipiscing Lorem ipsum dolor sit amet, consectetur adipiscing Lorem ipsum dolor sit amet, consectetur adipiscing Lorem ipsum dolor sit amet, consectetur adipiscing Lorem ipsum dolor sit amet, consectetur adipiscing Lorem ipsum dolor sit amet, consectetur adipiscing Lorem ipsum dolor sit amet, consectetur adipiscing Lorem ipsum dolor sit amet, consectetur adipiscing Lorem ipsum dolor sit amet, consectetur adipiscing Lorem ipsum dolor sit amet, consectetur adipiscing Lorem ipsum dolor sit amet, consectetur adipiscing Lorem ipsum dolor sit amet, consectetur adipiscing Lorem ipsum dolor sit amet, consectetur adipiscing Lorem ipsum dolor sit amet, consectetur adipiscing Lorem ipsum dolor sit amet, consectetur adipiscing Lorem ipsum dolor sit amet, consectetur adipiscing Lorem ipsum dolor sit amet, consectetur adipiscing Lorem ipsum dolor sit amet, consectetur adipiscing Lorem ipsum dolor sit amet, consectetur adipiscing Lorem ipsum dolor sit amet, consectetur adipiscing Lorem ipsum dolor sit amet, consectetur adipiscing', 1, '2020-04-29 10:43:13', '2020-04-29 10:43:13');
INSERT INTO `articles` VALUES (10, 'Lorem ipsum dolor sit amet, consectetur adipiscing elit, sed Lorem ipsum dolor', 'lorem-ipsum-dolor-sit-amet-consectetur-adipiscing-elit-sed-lorem-ipsum-dolor', 1, NULL, NULL, NULL, '/photos/shares/61a2d5685f8477c4a7802b33a7acb28d.jpg', 'Lorem ipsum dolor sit amet, consectetur adipiscing elit, sed Lorem ipsum dolor sit amet, consectetur adipiscing elit, sed Lorem ipsum dolor sit amet, consectetur adipiscing elit, sed Lorem ipsum dolor sit amet, consectetur adipiscing elit, sedLorem ipsum dolor sit amet, consectetur adipiscing elit, sed Lorem ipsum dolor sit amet, consectetur adipiscing elit, sed Lorem ipsum dolor sit amet, consectetur adipiscing elit, sed Lorem ipsum dolor sit amet, consectetur adipiscing elit, sedLorem ipsum dolor sit amet, consectetur adipiscing elit, sed Lorem ipsum dolor sit amet, consectetur adipiscing elit, sed Lorem ipsum dolor sit amet, consectetur adipiscing elit, sed Lorem ipsum dolor sit amet, consectetur adipiscing elit, sedLorem ipsum dolor sit amet, consectetur adipiscing elit, sed Lorem ipsum dolor sit amet, consectetur adipiscing elit, sed Lorem ipsum dolor sit amet, consectetur adipiscing elit, sed Lorem ipsum dolor sit amet, consectetur adipiscing elit, sedLorem ipsum dolor sit amet, consectetur adipiscing elit, sed Lorem ipsum dolor sit amet, consectetur adipiscing elit, sed Lorem ipsum dolor sit amet, consectetur adipiscing elit, sed Lorem ipsum dolor sit amet, consectetur adipiscing elit, sedLorem ipsum dolor sit amet, consectetur adipiscing elit, sed Lorem ipsum dolor sit amet, consectetur adipiscing elit, sed Lorem ipsum dolor sit amet, consectetur adipiscing elit, sed Lorem ipsum dolor sit amet, consectetur adipiscing elit, sedLorem ipsum dolor sit amet, consectetur adipiscing elit, sed Lorem ipsum dolor sit amet, consectetur adipiscing elit, sed Lorem ipsum dolor sit amet, consectetur adipiscing elit, sed Lorem ipsum dolor sit amet, consectetur adipiscing elit, sedLorem ipsum dolor sit amet, consectetur adipiscing elit, sed Lorem ipsum dolor sit amet, consectetur adipiscing elit, sed Lorem ipsum dolor sit amet, consectetur adipiscing elit, sed Lorem ipsum dolor sit amet, consectetur adipiscing elit, sed', 1, '2020-04-29 11:57:37', '2020-04-29 11:57:37');
INSERT INTO `articles` VALUES (11, 'Lorem ipsum dolor sit amet, consectetur adipiscing elit, sed Lorem ipsum dolor', 'lorem-ipsum-dolor-sit-amet-consectetur-adipiscing-elit-sed-lorem-ipsum-dolor-1', 1, NULL, NULL, NULL, '/photos/shares/61a2d5685f8477c4a7802b33a7acb28d.jpg', 'Lorem ipsum dolor sit amet, consectetur adipiscing elit, sed Lorem ipsum dolorLorem ipsum dolor sit amet, consectetur adipiscing elit, sed Lorem ipsum dolorLorem ipsum dolor sit amet, consectetur adipiscing elit, sed Lorem ipsum dolorLorem ipsum dolor sit amet, consectetur adipiscing elit, sed Lorem ipsum dolorLorem ipsum dolor sit amet, consectetur adipiscing elit, sed Lorem ipsum dolorLorem ipsum dolor sit amet, consectetur adipiscing elit, sed Lorem ipsum dolorLorem ipsum dolor sit amet, consectetur adipiscing elit, sed Lorem ipsum dolorLorem ipsum dolor sit amet, consectetur adipiscing elit, sed Lorem ipsum dolor', 1, '2020-04-29 11:58:04', '2020-04-29 11:58:04');

-- ----------------------------
-- Table structure for failed_jobs
-- ----------------------------
DROP TABLE IF EXISTS `failed_jobs`;
CREATE TABLE `failed_jobs`  (
  `id` bigint(20) UNSIGNED NOT NULL AUTO_INCREMENT,
  `connection` text CHARACTER SET utf8mb4 COLLATE utf8mb4_unicode_ci NOT NULL,
  `queue` text CHARACTER SET utf8mb4 COLLATE utf8mb4_unicode_ci NOT NULL,
  `payload` longtext CHARACTER SET utf8mb4 COLLATE utf8mb4_unicode_ci NOT NULL,
  `exception` longtext CHARACTER SET utf8mb4 COLLATE utf8mb4_unicode_ci NOT NULL,
  `failed_at` timestamp(0) NOT NULL DEFAULT CURRENT_TIMESTAMP,
  PRIMARY KEY (`id`) USING BTREE
) ENGINE = InnoDB AUTO_INCREMENT = 1 CHARACTER SET = utf8mb4 COLLATE = utf8mb4_unicode_ci ROW_FORMAT = Dynamic;

-- ----------------------------
-- Table structure for lb_blocks
-- ----------------------------
DROP TABLE IF EXISTS `lb_blocks`;
CREATE TABLE `lb_blocks`  (
  `id` int(10) UNSIGNED NOT NULL AUTO_INCREMENT,
  `raw_title` varchar(255) CHARACTER SET utf8mb4 COLLATE utf8mb4_unicode_ci NULL DEFAULT NULL,
  `raw_content` text CHARACTER SET utf8mb4 COLLATE utf8mb4_unicode_ci NULL,
  `rendered_content` text CHARACTER SET utf8mb4 COLLATE utf8mb4_unicode_ci NULL,
  `status` varchar(255) CHARACTER SET utf8mb4 COLLATE utf8mb4_unicode_ci NOT NULL,
  `slug` varchar(255) CHARACTER SET utf8mb4 COLLATE utf8mb4_unicode_ci NOT NULL,
  `type` varchar(255) CHARACTER SET utf8mb4 COLLATE utf8mb4_unicode_ci NOT NULL DEFAULT 'wp_block',
  `created_at` timestamp(0) NULL DEFAULT NULL,
  `updated_at` timestamp(0) NULL DEFAULT NULL,
  PRIMARY KEY (`id`) USING BTREE
) ENGINE = InnoDB AUTO_INCREMENT = 1 CHARACTER SET = utf8mb4 COLLATE = utf8mb4_unicode_ci ROW_FORMAT = Dynamic;

-- ----------------------------
-- Table structure for lb_contents
-- ----------------------------
DROP TABLE IF EXISTS `lb_contents`;
CREATE TABLE `lb_contents`  (
  `id` int(10) UNSIGNED NOT NULL AUTO_INCREMENT,
  `raw_content` text CHARACTER SET utf8mb4 COLLATE utf8mb4_unicode_ci NULL,
  `rendered_content` text CHARACTER SET utf8mb4 COLLATE utf8mb4_unicode_ci NULL,
  `contentable_type` varchar(255) CHARACTER SET utf8mb4 COLLATE utf8mb4_unicode_ci NOT NULL,
  `contentable_id` bigint(20) UNSIGNED NOT NULL,
  `type` varchar(255) CHARACTER SET utf8mb4 COLLATE utf8mb4_unicode_ci NOT NULL DEFAULT 'page',
  `created_at` timestamp(0) NULL DEFAULT NULL,
  `updated_at` timestamp(0) NULL DEFAULT NULL,
  PRIMARY KEY (`id`) USING BTREE,
  INDEX `lb_contents_contentable_type_contentable_id_index`(`contentable_type`, `contentable_id`) USING BTREE
) ENGINE = InnoDB AUTO_INCREMENT = 24 CHARACTER SET = utf8mb4 COLLATE = utf8mb4_unicode_ci ROW_FORMAT = Dynamic;

-- ----------------------------
-- Records of lb_contents
-- ----------------------------
INSERT INTO `lb_contents` VALUES (7, '<!-- wp:paragraph -->\r\n<p>Lorem ipsum dolor sit amet, consectetur adipiscing elit, sed do eiusmod tempor incididunt ut labore et dolore magna aliqua. Mi eget mauris pharetra et ultrices. Dolor magna eget est lorem ipsum. Eu facilisis sed odio morbi quis commodo odio. Ultrices in iaculis nunc sed augue lacus. Dui nunc mattis enim ut. Placerat in egestas erat imperdiet sed euismod. Facilisi nullam vehicula ipsum a arcu cursus. Interdum velit laoreet id donec ultrices tincidunt. Egestas congue quisque egestas diam in arcu cursus euismod. Id donec ultrices tincidunt arcu. Posuere lorem ipsum dolor sit amet consectetur adipiscing elit. Mus mauris vitae ultricies leo integer malesuada. Scelerisque in dictum non consectetur a erat nam at. Lorem ipsum dolor sit amet consectetur adipiscing. Penatibus et magnis dis parturient. Duis ut diam quam nulla porttitor massa id.</p>\r\n<!-- /wp:paragraph -->\r\n\r\n<!-- wp:paragraph -->\r\n<p>Ultricies leo integer malesuada nunc vel risus commodo. Sed ullamcorper morbi tincidunt ornare massa eget egestas purus viverra. Gravida arcu ac tortor dignissim convallis. Aenean euismod elementum nisi quis eleifend. Nulla posuere sollicitudin aliquam ultrices sagittis orci a. Nulla facilisi nullam vehicula ipsum a arcu cursus. Vulputate sapien nec sagittis aliquam malesuada. Et leo duis ut diam quam nulla. Amet porttitor eget dolor morbi. Neque vitae tempus quam pellentesque nec nam aliquam sem. Libero enim sed faucibus turpis in eu mi bibendum. Netus et malesuada fames ac turpis egestas. Arcu cursus vitae congue mauris rhoncus aenean.</p>\r\n<!-- /wp:paragraph -->\r\n\r\n<!-- wp:paragraph -->\r\n<p>Et tortor at risus viverra adipiscing at in tellus. Adipiscing elit pellentesque habitant morbi tristique senectus. Netus et malesuada fames ac turpis egestas integer eget aliquet. Nec ullamcorper sit amet risus nullam. Cras adipiscing enim eu turpis egestas pretium aenean pharetra. Varius morbi enim nunc faucibus a pellentesque. Nullam eget felis eget nunc lobortis. Consequat interdum varius sit amet mattis vulputate enim nulla aliquet. Id semper risus in hendrerit. Nec feugiat in fermentum posuere. Non arcu risus quis varius quam quisque id diam vel. Vel facilisis volutpat est velit egestas dui. Placerat in egestas erat imperdiet sed euismod nisi porta lorem. Sodales ut eu sem integer vitae justo eget magna. Morbi tincidunt augue interdum velit euismod.</p>\r\n<!-- /wp:paragraph -->\r\n\r\n<!-- wp:paragraph -->\r\n<p>Neque vitae tempus quam pellentesque. Vel elit scelerisque mauris pellentesque pulvinar pellentesque. Felis imperdiet proin fermentum leo. Dui id ornare arcu odio ut sem nulla pharetra. Nisi est sit amet facilisis magna. Nisl purus in mollis nunc sed id semper risus in. Et sollicitudin ac orci phasellus egestas tellus rutrum. Nulla aliquet porttitor lacus luctus accumsan tortor posuere ac. Urna molestie at elementum eu facilisis sed odio morbi. Phasellus faucibus scelerisque eleifend donec pretium. Magna sit amet purus gravida quis blandit. Duis convallis convallis tellus id interdum velit. Porta non pulvinar neque laoreet suspendisse.</p>\r\n<!-- /wp:paragraph -->\r\n\r\n<!-- wp:paragraph -->\r\n<p>Et netus et malesuada fames ac turpis egestas. Maecenas pharetra convallis posuere morbi leo urna. Non nisi est sit amet facilisis magna. Arcu vitae elementum curabitur vitae. Pretium vulputate sapien nec sagittis aliquam malesuada bibendum arcu vitae. Feugiat in ante metus dictum at tempor commodo ullamcorper. Eget aliquet nibh praesent tristique magna sit amet purus. Accumsan in nisl nisi scelerisque eu ultrices vitae. Ornare lectus sit amet est. Tincidunt vitae semper quis lectus nulla at volutpat diam ut.</p>\r\n<!-- /wp:paragraph -->\r\n\r\n<!-- wp:paragraph -->\r\n<p></p>\r\n<!-- /wp:paragraph -->', '<!-- wp:paragraph -->\r\n<p>Lorem ipsum dolor sit amet, consectetur adipiscing elit, sed do eiusmod tempor incididunt ut labore et dolore magna aliqua. Mi eget mauris pharetra et ultrices. Dolor magna eget est lorem ipsum. Eu facilisis sed odio morbi quis commodo odio. Ultrices in iaculis nunc sed augue lacus. Dui nunc mattis enim ut. Placerat in egestas erat imperdiet sed euismod. Facilisi nullam vehicula ipsum a arcu cursus. Interdum velit laoreet id donec ultrices tincidunt. Egestas congue quisque egestas diam in arcu cursus euismod. Id donec ultrices tincidunt arcu. Posuere lorem ipsum dolor sit amet consectetur adipiscing elit. Mus mauris vitae ultricies leo integer malesuada. Scelerisque in dictum non consectetur a erat nam at. Lorem ipsum dolor sit amet consectetur adipiscing. Penatibus et magnis dis parturient. Duis ut diam quam nulla porttitor massa id.</p>\r\n<!-- /wp:paragraph -->\r\n\r\n<!-- wp:paragraph -->\r\n<p>Ultricies leo integer malesuada nunc vel risus commodo. Sed ullamcorper morbi tincidunt ornare massa eget egestas purus viverra. Gravida arcu ac tortor dignissim convallis. Aenean euismod elementum nisi quis eleifend. Nulla posuere sollicitudin aliquam ultrices sagittis orci a. Nulla facilisi nullam vehicula ipsum a arcu cursus. Vulputate sapien nec sagittis aliquam malesuada. Et leo duis ut diam quam nulla. Amet porttitor eget dolor morbi. Neque vitae tempus quam pellentesque nec nam aliquam sem. Libero enim sed faucibus turpis in eu mi bibendum. Netus et malesuada fames ac turpis egestas. Arcu cursus vitae congue mauris rhoncus aenean.</p>\r\n<!-- /wp:paragraph -->\r\n\r\n<!-- wp:paragraph -->\r\n<p>Et tortor at risus viverra adipiscing at in tellus. Adipiscing elit pellentesque habitant morbi tristique senectus. Netus et malesuada fames ac turpis egestas integer eget aliquet. Nec ullamcorper sit amet risus nullam. Cras adipiscing enim eu turpis egestas pretium aenean pharetra. Varius morbi enim nunc faucibus a pellentesque. Nullam eget felis eget nunc lobortis. Consequat interdum varius sit amet mattis vulputate enim nulla aliquet. Id semper risus in hendrerit. Nec feugiat in fermentum posuere. Non arcu risus quis varius quam quisque id diam vel. Vel facilisis volutpat est velit egestas dui. Placerat in egestas erat imperdiet sed euismod nisi porta lorem. Sodales ut eu sem integer vitae justo eget magna. Morbi tincidunt augue interdum velit euismod.</p>\r\n<!-- /wp:paragraph -->\r\n\r\n<!-- wp:paragraph -->\r\n<p>Neque vitae tempus quam pellentesque. Vel elit scelerisque mauris pellentesque pulvinar pellentesque. Felis imperdiet proin fermentum leo. Dui id ornare arcu odio ut sem nulla pharetra. Nisi est sit amet facilisis magna. Nisl purus in mollis nunc sed id semper risus in. Et sollicitudin ac orci phasellus egestas tellus rutrum. Nulla aliquet porttitor lacus luctus accumsan tortor posuere ac. Urna molestie at elementum eu facilisis sed odio morbi. Phasellus faucibus scelerisque eleifend donec pretium. Magna sit amet purus gravida quis blandit. Duis convallis convallis tellus id interdum velit. Porta non pulvinar neque laoreet suspendisse.</p>\r\n<!-- /wp:paragraph -->\r\n\r\n<!-- wp:paragraph -->\r\n<p>Et netus et malesuada fames ac turpis egestas. Maecenas pharetra convallis posuere morbi leo urna. Non nisi est sit amet facilisis magna. Arcu vitae elementum curabitur vitae. Pretium vulputate sapien nec sagittis aliquam malesuada bibendum arcu vitae. Feugiat in ante metus dictum at tempor commodo ullamcorper. Eget aliquet nibh praesent tristique magna sit amet purus. Accumsan in nisl nisi scelerisque eu ultrices vitae. Ornare lectus sit amet est. Tincidunt vitae semper quis lectus nulla at volutpat diam ut.</p>\r\n<!-- /wp:paragraph -->\r\n\r\n<!-- wp:paragraph -->\r\n<p></p>\r\n<!-- /wp:paragraph -->', 'App\\Models\\Blog\\Article', 5, 'page', '2020-04-29 01:22:27', '2020-04-29 09:40:20');
INSERT INTO `lb_contents` VALUES (8, '', '', 'App\\Models\\Blog\\ArticleCategory', 3, 'page', '2020-04-29 01:25:25', '2020-04-29 01:25:25');
INSERT INTO `lb_contents` VALUES (9, '', '', 'App\\Models\\Blog\\ArticleCategory', 4, 'page', '2020-04-29 10:14:53', '2020-04-29 10:14:53');
INSERT INTO `lb_contents` VALUES (10, '', '', 'App\\Models\\Blog\\ArticleCategory', 5, 'page', '2020-04-29 10:15:04', '2020-04-29 10:15:04');
INSERT INTO `lb_contents` VALUES (11, '', '', 'App\\Models\\Blog\\ArticleCategory', 6, 'page', '2020-04-29 10:15:23', '2020-04-29 10:15:23');
INSERT INTO `lb_contents` VALUES (12, '', '', 'App\\Models\\Blog\\ArticleCategory', 7, 'page', '2020-04-29 10:15:56', '2020-04-29 10:15:56');
INSERT INTO `lb_contents` VALUES (13, '', '', 'App\\Models\\Blog\\ArticleCategory', 8, 'page', '2020-04-29 10:16:05', '2020-04-29 10:16:05');
INSERT INTO `lb_contents` VALUES (14, '', '', 'App\\Models\\Blog\\ArticleCategory', 9, 'page', '2020-04-29 10:16:16', '2020-04-29 10:16:16');
INSERT INTO `lb_contents` VALUES (15, '', '', 'App\\Models\\Blog\\ArticleCategory', 10, 'page', '2020-04-29 10:16:26', '2020-04-29 10:16:26');
INSERT INTO `lb_contents` VALUES (16, '', '', 'App\\Models\\Blog\\ArticleCategory', 11, 'page', '2020-04-29 10:16:34', '2020-04-29 10:16:34');
INSERT INTO `lb_contents` VALUES (17, '', '', 'App\\Models\\Blog\\ArticleCategory', 12, 'page', '2020-04-29 10:16:50', '2020-04-29 10:16:50');
INSERT INTO `lb_contents` VALUES (18, '<!-- wp:paragraph -->\r\n<p>Lorem ipsum dolor sit amet, consectetur adipiscing elit, sed do eiusmod tempor incididunt ut labore et dolore magna aliqua. Ut enim ad minim veniam, quis nostrud exercitation ullamco laboris nisi ut aliquip ex ea commodo consequat. Duis aute irure dolor in reprehenderit in voluptate velit esse cillum dolore eu fugiat nulla pariatur. Excepteur sint occaecat cupidatat non proident, sunt in culpa qui officia deserunt mollit anim id est laborum.Lorem ipsum dolor sit amet, consectetur adipiscing elit, sed do eiusmod tempor incididunt ut labore et dolore magna aliqua. Ut enim ad minim veniam, quis nostrud exercitation ullamco laboris nisi ut aliquip ex ea commodo consequat. Duis aute irure dolor in reprehenderit in voluptate velit esse cillum dolore eu fugiat nulla pariatur. Excepteur sint occaecat cupidatat non proident, sunt in culpa qui officia deserunt mollit anim id est laborum.</p>\r\n<!-- /wp:paragraph -->\r\n\r\n<!-- wp:paragraph -->\r\n<p>Lorem ipsum dolor sit amet, consectetur adipiscing elit, sed do eiusmod tempor incididunt ut labore et dolore magna aliqua. Ut enim ad minim veniam, quis nostrud exercitation ullamco laboris nisi ut aliquip ex ea commodo consequat. Duis aute irure dolor in reprehenderit in voluptate velit esse cillum dolore eu fugiat nulla pariatur. Excepteur sint occaecat cupidatat non proident, sunt in culpa qui officia deserunt mollit anim id est laborum.</p>\r\n<!-- /wp:paragraph -->\r\n\r\n<!-- wp:paragraph -->\r\n<p>Lorem ipsum dolor sit amet, consectetur adipiscing elit, sed do eiusmod tempor incididunt ut labore et dolore magna aliqua. Ut enim ad minim veniam, quis nostrud exercitation ullamco laboris nisi ut aliquip ex ea commodo consequat. Duis aute irure dolor in reprehenderit in voluptate velit esse cillum dolore eu fugiat nulla pariatur. Excepteur sint occaecat cupidatat non proident, sunt in culpa qui officia deserunt mollit anim id est laborum.</p>\r\n<!-- /wp:paragraph -->\r\n\r\n<!-- wp:paragraph -->\r\n<p>Lorem ipsum dolor sit amet, consectetur adipiscing elit, sed do eiusmod tempor incididunt ut labore et dolore magna aliqua. Ut enim ad minim veniam, quis nostrud exercitation ullamco laboris nisi ut aliquip ex ea commodo consequat. Duis aute irure dolor in reprehenderit in voluptate velit esse cillum dolore eu fugiat nulla pariatur. Excepteur sint occaecat cupidatat non proident, sunt in culpa qui officia deserunt mollit anim id est laborum.</p>\r\n<!-- /wp:paragraph -->\r\n\r\n<!-- wp:paragraph -->\r\n<p>Lorem ipsum dolor sit amet, consectetur adipiscing elit, sed do eiusmod tempor incididunt ut labore et dolore magna aliqua. Ut enim ad minim veniam, quis nostrud exercitation ullamco laboris nisi ut aliquip ex ea commodo consequat. Duis aute irure dolor in reprehenderit in voluptate velit esse cillum dolore eu fugiat nulla pariatur. Excepteur sint occaecat cupidatat non proident, sunt in culpa qui officia deserunt mollit anim id est laborum.</p>\r\n<!-- /wp:paragraph -->\r\n\r\n<!-- wp:paragraph -->\r\n<p>Lorem ipsum dolor sit amet, consectetur adipiscing elit, sed do eiusmod tempor incididunt ut labore et dolore magna aliqua. Ut enim ad minim veniam, quis nostrud exercitation ullamco laboris nisi ut aliquip ex ea commodo consequat. Duis aute irure dolor in reprehenderit in voluptate velit esse cillum dolore eu fugiat nulla pariatur. Excepteur sint occaecat cupidatat non proident, sunt in culpa qui officia deserunt mollit anim id est laborum.</p>\r\n<!-- /wp:paragraph -->', '<!-- wp:paragraph -->\r\n<p>Lorem ipsum dolor sit amet, consectetur adipiscing elit, sed do eiusmod tempor incididunt ut labore et dolore magna aliqua. Ut enim ad minim veniam, quis nostrud exercitation ullamco laboris nisi ut aliquip ex ea commodo consequat. Duis aute irure dolor in reprehenderit in voluptate velit esse cillum dolore eu fugiat nulla pariatur. Excepteur sint occaecat cupidatat non proident, sunt in culpa qui officia deserunt mollit anim id est laborum.Lorem ipsum dolor sit amet, consectetur adipiscing elit, sed do eiusmod tempor incididunt ut labore et dolore magna aliqua. Ut enim ad minim veniam, quis nostrud exercitation ullamco laboris nisi ut aliquip ex ea commodo consequat. Duis aute irure dolor in reprehenderit in voluptate velit esse cillum dolore eu fugiat nulla pariatur. Excepteur sint occaecat cupidatat non proident, sunt in culpa qui officia deserunt mollit anim id est laborum.</p>\r\n<!-- /wp:paragraph -->\r\n\r\n<!-- wp:paragraph -->\r\n<p>Lorem ipsum dolor sit amet, consectetur adipiscing elit, sed do eiusmod tempor incididunt ut labore et dolore magna aliqua. Ut enim ad minim veniam, quis nostrud exercitation ullamco laboris nisi ut aliquip ex ea commodo consequat. Duis aute irure dolor in reprehenderit in voluptate velit esse cillum dolore eu fugiat nulla pariatur. Excepteur sint occaecat cupidatat non proident, sunt in culpa qui officia deserunt mollit anim id est laborum.</p>\r\n<!-- /wp:paragraph -->\r\n\r\n<!-- wp:paragraph -->\r\n<p>Lorem ipsum dolor sit amet, consectetur adipiscing elit, sed do eiusmod tempor incididunt ut labore et dolore magna aliqua. Ut enim ad minim veniam, quis nostrud exercitation ullamco laboris nisi ut aliquip ex ea commodo consequat. Duis aute irure dolor in reprehenderit in voluptate velit esse cillum dolore eu fugiat nulla pariatur. Excepteur sint occaecat cupidatat non proident, sunt in culpa qui officia deserunt mollit anim id est laborum.</p>\r\n<!-- /wp:paragraph -->\r\n\r\n<!-- wp:paragraph -->\r\n<p>Lorem ipsum dolor sit amet, consectetur adipiscing elit, sed do eiusmod tempor incididunt ut labore et dolore magna aliqua. Ut enim ad minim veniam, quis nostrud exercitation ullamco laboris nisi ut aliquip ex ea commodo consequat. Duis aute irure dolor in reprehenderit in voluptate velit esse cillum dolore eu fugiat nulla pariatur. Excepteur sint occaecat cupidatat non proident, sunt in culpa qui officia deserunt mollit anim id est laborum.</p>\r\n<!-- /wp:paragraph -->\r\n\r\n<!-- wp:paragraph -->\r\n<p>Lorem ipsum dolor sit amet, consectetur adipiscing elit, sed do eiusmod tempor incididunt ut labore et dolore magna aliqua. Ut enim ad minim veniam, quis nostrud exercitation ullamco laboris nisi ut aliquip ex ea commodo consequat. Duis aute irure dolor in reprehenderit in voluptate velit esse cillum dolore eu fugiat nulla pariatur. Excepteur sint occaecat cupidatat non proident, sunt in culpa qui officia deserunt mollit anim id est laborum.</p>\r\n<!-- /wp:paragraph -->\r\n\r\n<!-- wp:paragraph -->\r\n<p>Lorem ipsum dolor sit amet, consectetur adipiscing elit, sed do eiusmod tempor incididunt ut labore et dolore magna aliqua. Ut enim ad minim veniam, quis nostrud exercitation ullamco laboris nisi ut aliquip ex ea commodo consequat. Duis aute irure dolor in reprehenderit in voluptate velit esse cillum dolore eu fugiat nulla pariatur. Excepteur sint occaecat cupidatat non proident, sunt in culpa qui officia deserunt mollit anim id est laborum.</p>\r\n<!-- /wp:paragraph -->', 'App\\Models\\Blog\\Article', 6, 'page', '2020-04-29 10:40:48', '2020-04-29 10:40:48');
INSERT INTO `lb_contents` VALUES (19, '<!-- wp:paragraph -->\r\n<p>Lorem ipsum dolor sit amet, consectetur adipiscing elit, sed do eiusmod tempor incididunt ut labore et dolore magna aliqua. Ut enim ad minim veniam, quis nostrud exercitation ullamco laboris nisi ut aliquip ex ea commodo consequat. Duis aute irure dolor in reprehenderit in voluptate velit esse cillum dolore eu fugiat nulla pariatur. Excepteur sint occaecat cupidatat non proident, sunt in culpa qui officia deserunt mollit anim id est laborum.</p>\r\n<!-- /wp:paragraph -->\r\n\r\n<!-- wp:paragraph -->\r\n<p>Lorem ipsum dolor sit amet, consectetur adipiscing elit, sed do eiusmod tempor incididunt ut labore et dolore magna aliqua. Ut enim ad minim veniam, quis nostrud exercitation ullamco laboris nisi ut aliquip ex ea commodo consequat. Duis aute irure dolor in reprehenderit in voluptate velit esse cillum dolore eu fugiat nulla pariatur. Excepteur sint occaecat cupidatat non proident, sunt in culpa qui officia deserunt mollit anim id est laborum.</p>\r\n<!-- /wp:paragraph -->\r\n\r\n<!-- wp:paragraph -->\r\n<p>Lorem ipsum dolor sit amet, consectetur adipiscing elit, sed do eiusmod tempor incididunt ut labore et dolore magna aliqua. Ut enim ad minim veniam, quis nostrud exercitation ullamco laboris nisi ut aliquip ex ea commodo consequat. Duis aute irure dolor in reprehenderit in voluptate velit esse cillum dolore eu fugiat nulla pariatur. Excepteur sint occaecat cupidatat non proident, sunt in culpa qui officia deserunt mollit anim id est laborum.</p>\r\n<!-- /wp:paragraph -->\r\n\r\n<!-- wp:paragraph -->\r\n<p>Lorem ipsum dolor sit amet, consectetur adipiscing elit, sed do eiusmod tempor incididunt ut labore et dolore magna aliqua. Ut enim ad minim veniam, quis nostrud exercitation ullamco laboris nisi ut aliquip ex ea commodo consequat. Duis aute irure dolor in reprehenderit in voluptate velit esse cillum dolore eu fugiat nulla pariatur. Excepteur sint occaecat cupidatat non proident, sunt in culpa qui officia deserunt mollit anim id est laborum.</p>\r\n<!-- /wp:paragraph -->', '<!-- wp:paragraph -->\r\n<p>Lorem ipsum dolor sit amet, consectetur adipiscing elit, sed do eiusmod tempor incididunt ut labore et dolore magna aliqua. Ut enim ad minim veniam, quis nostrud exercitation ullamco laboris nisi ut aliquip ex ea commodo consequat. Duis aute irure dolor in reprehenderit in voluptate velit esse cillum dolore eu fugiat nulla pariatur. Excepteur sint occaecat cupidatat non proident, sunt in culpa qui officia deserunt mollit anim id est laborum.</p>\r\n<!-- /wp:paragraph -->\r\n\r\n<!-- wp:paragraph -->\r\n<p>Lorem ipsum dolor sit amet, consectetur adipiscing elit, sed do eiusmod tempor incididunt ut labore et dolore magna aliqua. Ut enim ad minim veniam, quis nostrud exercitation ullamco laboris nisi ut aliquip ex ea commodo consequat. Duis aute irure dolor in reprehenderit in voluptate velit esse cillum dolore eu fugiat nulla pariatur. Excepteur sint occaecat cupidatat non proident, sunt in culpa qui officia deserunt mollit anim id est laborum.</p>\r\n<!-- /wp:paragraph -->\r\n\r\n<!-- wp:paragraph -->\r\n<p>Lorem ipsum dolor sit amet, consectetur adipiscing elit, sed do eiusmod tempor incididunt ut labore et dolore magna aliqua. Ut enim ad minim veniam, quis nostrud exercitation ullamco laboris nisi ut aliquip ex ea commodo consequat. Duis aute irure dolor in reprehenderit in voluptate velit esse cillum dolore eu fugiat nulla pariatur. Excepteur sint occaecat cupidatat non proident, sunt in culpa qui officia deserunt mollit anim id est laborum.</p>\r\n<!-- /wp:paragraph -->\r\n\r\n<!-- wp:paragraph -->\r\n<p>Lorem ipsum dolor sit amet, consectetur adipiscing elit, sed do eiusmod tempor incididunt ut labore et dolore magna aliqua. Ut enim ad minim veniam, quis nostrud exercitation ullamco laboris nisi ut aliquip ex ea commodo consequat. Duis aute irure dolor in reprehenderit in voluptate velit esse cillum dolore eu fugiat nulla pariatur. Excepteur sint occaecat cupidatat non proident, sunt in culpa qui officia deserunt mollit anim id est laborum.</p>\r\n<!-- /wp:paragraph -->', 'App\\Models\\Blog\\Article', 7, 'page', '2020-04-29 10:41:52', '2020-04-29 10:41:52');
INSERT INTO `lb_contents` VALUES (20, '<!-- wp:paragraph -->\r\n<p>Lorem ipsum dolor sit amet, consectetur adipiscing elit, sed do eiusmod tempor incididunt ut labore et dolore magna aliqua. Ut enim ad minim veniam, quis nostrud exercitation ullamco laboris nisi ut aliquip ex ea commodo consequat. Duis aute irure dolor in reprehenderit in voluptate velit esse cillum dolore eu fugiat nulla pariatur. Excepteur sint occaecat cupidatat non proident, sunt in culpa qui officia deserunt mollit anim id est laborum.</p>\r\n<!-- /wp:paragraph -->\r\n\r\n<!-- wp:paragraph -->\r\n<p>Lorem ipsum dolor sit amet, consectetur adipiscing elit, sed do eiusmod tempor incididunt ut labore et dolore magna aliqua. Ut enim ad minim veniam, quis nostrud exercitation ullamco laboris nisi ut aliquip ex ea commodo consequat. Duis aute irure dolor in reprehenderit in voluptate velit esse cillum dolore eu fugiat nulla pariatur. Excepteur sint occaecat cupidatat non proident, sunt in culpa qui officia deserunt mollit anim id est laborum.</p>\r\n<!-- /wp:paragraph -->\r\n\r\n<!-- wp:paragraph -->\r\n<p>Lorem ipsum dolor sit amet, consectetur adipiscing elit, sed do eiusmod tempor incididunt ut labore et dolore magna aliqua. Ut enim ad minim veniam, quis nostrud exercitation ullamco laboris nisi ut aliquip ex ea commodo consequat. Duis aute irure dolor in reprehenderit in voluptate velit esse cillum dolore eu fugiat nulla pariatur. Excepteur sint occaecat cupidatat non proident, sunt in culpa qui officia deserunt mollit anim id est laborum.</p>\r\n<!-- /wp:paragraph -->\r\n\r\n<!-- wp:paragraph -->\r\n<p>Lorem ipsum dolor sit amet, consectetur adipiscing elit, sed do eiusmod tempor incididunt ut labore et dolore magna aliqua. Ut enim ad minim veniam, quis nostrud exercitation ullamco laboris nisi ut aliquip ex ea commodo consequat. Duis aute irure dolor in reprehenderit in voluptate velit esse cillum dolore eu fugiat nulla pariatur. Excepteur sint occaecat cupidatat non proident, sunt in culpa qui officia deserunt mollit anim id est laborum.</p>\r\n<!-- /wp:paragraph -->', '<!-- wp:paragraph -->\r\n<p>Lorem ipsum dolor sit amet, consectetur adipiscing elit, sed do eiusmod tempor incididunt ut labore et dolore magna aliqua. Ut enim ad minim veniam, quis nostrud exercitation ullamco laboris nisi ut aliquip ex ea commodo consequat. Duis aute irure dolor in reprehenderit in voluptate velit esse cillum dolore eu fugiat nulla pariatur. Excepteur sint occaecat cupidatat non proident, sunt in culpa qui officia deserunt mollit anim id est laborum.</p>\r\n<!-- /wp:paragraph -->\r\n\r\n<!-- wp:paragraph -->\r\n<p>Lorem ipsum dolor sit amet, consectetur adipiscing elit, sed do eiusmod tempor incididunt ut labore et dolore magna aliqua. Ut enim ad minim veniam, quis nostrud exercitation ullamco laboris nisi ut aliquip ex ea commodo consequat. Duis aute irure dolor in reprehenderit in voluptate velit esse cillum dolore eu fugiat nulla pariatur. Excepteur sint occaecat cupidatat non proident, sunt in culpa qui officia deserunt mollit anim id est laborum.</p>\r\n<!-- /wp:paragraph -->\r\n\r\n<!-- wp:paragraph -->\r\n<p>Lorem ipsum dolor sit amet, consectetur adipiscing elit, sed do eiusmod tempor incididunt ut labore et dolore magna aliqua. Ut enim ad minim veniam, quis nostrud exercitation ullamco laboris nisi ut aliquip ex ea commodo consequat. Duis aute irure dolor in reprehenderit in voluptate velit esse cillum dolore eu fugiat nulla pariatur. Excepteur sint occaecat cupidatat non proident, sunt in culpa qui officia deserunt mollit anim id est laborum.</p>\r\n<!-- /wp:paragraph -->\r\n\r\n<!-- wp:paragraph -->\r\n<p>Lorem ipsum dolor sit amet, consectetur adipiscing elit, sed do eiusmod tempor incididunt ut labore et dolore magna aliqua. Ut enim ad minim veniam, quis nostrud exercitation ullamco laboris nisi ut aliquip ex ea commodo consequat. Duis aute irure dolor in reprehenderit in voluptate velit esse cillum dolore eu fugiat nulla pariatur. Excepteur sint occaecat cupidatat non proident, sunt in culpa qui officia deserunt mollit anim id est laborum.</p>\r\n<!-- /wp:paragraph -->', 'App\\Models\\Blog\\Article', 8, 'page', '2020-04-29 10:42:36', '2020-04-29 10:42:36');
INSERT INTO `lb_contents` VALUES (21, '<!-- wp:paragraph -->\r\n<p>Lorem ipsum dolor sit amet, consectetur adipiscing Lorem ipsum dolor sit amet, consectetur adipiscing Lorem ipsum dolor sit amet, consectetur adipiscing Lorem ipsum dolor sit amet, consectetur adipiscing Lorem ipsum dolor sit amet, consectetur adipiscing Lorem ipsum dolor sit amet, consectetur adipiscing Lorem ipsum dolor sit amet, consectetur adipiscing Lorem ipsum dolor sit amet, consectetur adipiscing Lorem ipsum dolor sit amet, consectetur adipiscing Lorem ipsum dolor sit amet, consectetur adipiscing Lorem ipsum dolor sit amet, consectetur adipiscing Lorem ipsum dolor sit amet, consectetur adipiscing Lorem ipsum dolor sit amet, consectetur adipiscing Lorem ipsum dolor sit amet, consectetur adipiscing Lorem ipsum dolor sit amet, consectetur adipiscing Lorem ipsum dolor sit amet, consectetur adipiscing Lorem ipsum dolor sit amet, consectetur adipiscing Lorem ipsum dolor sit amet, consectetur adipiscing Lorem ipsum dolor sit amet, consectetur adipiscing Lorem ipsum dolor sit amet, consectetur adipiscing Lorem ipsum dolor sit amet, consectetur adipiscing Lorem ipsum dolor sit amet, consectetur adipiscing Lorem ipsum dolor sit amet, consectetur adipiscing Lorem ipsum dolor sit amet, consectetur adipiscing Lorem ipsum dolor sit amet, consectetur adipiscing Lorem ipsum dolor sit amet, consectetur adipiscing Lorem ipsum dolor sit amet, consectetur adipiscing Lorem ipsum dolor sit amet, consectetur adipiscing Lorem ipsum dolor sit amet, consectetur adipiscing Lorem ipsum dolor sit amet, consectetur adipiscing </p>\r\n<!-- /wp:paragraph -->', '<!-- wp:paragraph -->\r\n<p>Lorem ipsum dolor sit amet, consectetur adipiscing Lorem ipsum dolor sit amet, consectetur adipiscing Lorem ipsum dolor sit amet, consectetur adipiscing Lorem ipsum dolor sit amet, consectetur adipiscing Lorem ipsum dolor sit amet, consectetur adipiscing Lorem ipsum dolor sit amet, consectetur adipiscing Lorem ipsum dolor sit amet, consectetur adipiscing Lorem ipsum dolor sit amet, consectetur adipiscing Lorem ipsum dolor sit amet, consectetur adipiscing Lorem ipsum dolor sit amet, consectetur adipiscing Lorem ipsum dolor sit amet, consectetur adipiscing Lorem ipsum dolor sit amet, consectetur adipiscing Lorem ipsum dolor sit amet, consectetur adipiscing Lorem ipsum dolor sit amet, consectetur adipiscing Lorem ipsum dolor sit amet, consectetur adipiscing Lorem ipsum dolor sit amet, consectetur adipiscing Lorem ipsum dolor sit amet, consectetur adipiscing Lorem ipsum dolor sit amet, consectetur adipiscing Lorem ipsum dolor sit amet, consectetur adipiscing Lorem ipsum dolor sit amet, consectetur adipiscing Lorem ipsum dolor sit amet, consectetur adipiscing Lorem ipsum dolor sit amet, consectetur adipiscing Lorem ipsum dolor sit amet, consectetur adipiscing Lorem ipsum dolor sit amet, consectetur adipiscing Lorem ipsum dolor sit amet, consectetur adipiscing Lorem ipsum dolor sit amet, consectetur adipiscing Lorem ipsum dolor sit amet, consectetur adipiscing Lorem ipsum dolor sit amet, consectetur adipiscing Lorem ipsum dolor sit amet, consectetur adipiscing Lorem ipsum dolor sit amet, consectetur adipiscing </p>\r\n<!-- /wp:paragraph -->', 'App\\Models\\Blog\\Article', 9, 'page', '2020-04-29 10:43:13', '2020-04-29 10:43:13');
INSERT INTO `lb_contents` VALUES (22, '<!-- wp:paragraph -->\r\n<p>Lorem ipsum dolor sit amet, consectetur adipiscing elit, sed Lorem ipsum dolor sit amet, consectetur adipiscing elit, sed Lorem ipsum dolor sit amet, consectetur adipiscing elit, sed Lorem ipsum dolor sit amet, consectetur adipiscing elit, sedLorem ipsum dolor sit amet, consectetur adipiscing elit, sed Lorem ipsum dolor sit amet, consectetur adipiscing elit, sed Lorem ipsum dolor sit amet, consectetur adipiscing elit, sed Lorem ipsum dolor sit amet, consectetur adipiscing elit, sedLorem ipsum dolor sit amet, consectetur adipiscing elit, sed Lorem ipsum dolor sit amet, consectetur adipiscing elit, sed Lorem ipsum dolor sit amet, consectetur adipiscing elit, sed Lorem ipsum dolor sit amet, consectetur adipiscing elit, sedLorem ipsum dolor sit amet, consectetur adipiscing elit, sed Lorem ipsum dolor sit amet, consectetur adipiscing elit, sed Lorem ipsum dolor sit amet, consectetur adipiscing elit, sed Lorem ipsum dolor sit amet, consectetur adipiscing elit, sedLorem ipsum dolor sit amet, consectetur adipiscing elit, sed Lorem ipsum dolor sit amet, consectetur adipiscing elit, sed Lorem ipsum dolor sit amet, consectetur adipiscing elit, sed Lorem ipsum dolor sit amet, consectetur adipiscing elit, sedLorem ipsum dolor sit amet, consectetur adipiscing elit, sed Lorem ipsum dolor sit amet, consectetur adipiscing elit, sed Lorem ipsum dolor sit amet, consectetur adipiscing elit, sed Lorem ipsum dolor sit amet, consectetur adipiscing elit, sedLorem ipsum dolor sit amet, consectetur adipiscing elit, sed Lorem ipsum dolor sit amet, consectetur adipiscing elit, sed Lorem ipsum dolor sit amet, consectetur adipiscing elit, sed Lorem ipsum dolor sit amet, consectetur adipiscing elit, sedLorem ipsum dolor sit amet, consectetur adipiscing elit, sed Lorem ipsum dolor sit amet, consectetur adipiscing elit, sed Lorem ipsum dolor sit amet, consectetur adipiscing elit, sed Lorem ipsum dolor sit amet, consectetur adipiscing elit, sed</p>\r\n<!-- /wp:paragraph -->', '<!-- wp:paragraph -->\r\n<p>Lorem ipsum dolor sit amet, consectetur adipiscing elit, sed Lorem ipsum dolor sit amet, consectetur adipiscing elit, sed Lorem ipsum dolor sit amet, consectetur adipiscing elit, sed Lorem ipsum dolor sit amet, consectetur adipiscing elit, sedLorem ipsum dolor sit amet, consectetur adipiscing elit, sed Lorem ipsum dolor sit amet, consectetur adipiscing elit, sed Lorem ipsum dolor sit amet, consectetur adipiscing elit, sed Lorem ipsum dolor sit amet, consectetur adipiscing elit, sedLorem ipsum dolor sit amet, consectetur adipiscing elit, sed Lorem ipsum dolor sit amet, consectetur adipiscing elit, sed Lorem ipsum dolor sit amet, consectetur adipiscing elit, sed Lorem ipsum dolor sit amet, consectetur adipiscing elit, sedLorem ipsum dolor sit amet, consectetur adipiscing elit, sed Lorem ipsum dolor sit amet, consectetur adipiscing elit, sed Lorem ipsum dolor sit amet, consectetur adipiscing elit, sed Lorem ipsum dolor sit amet, consectetur adipiscing elit, sedLorem ipsum dolor sit amet, consectetur adipiscing elit, sed Lorem ipsum dolor sit amet, consectetur adipiscing elit, sed Lorem ipsum dolor sit amet, consectetur adipiscing elit, sed Lorem ipsum dolor sit amet, consectetur adipiscing elit, sedLorem ipsum dolor sit amet, consectetur adipiscing elit, sed Lorem ipsum dolor sit amet, consectetur adipiscing elit, sed Lorem ipsum dolor sit amet, consectetur adipiscing elit, sed Lorem ipsum dolor sit amet, consectetur adipiscing elit, sedLorem ipsum dolor sit amet, consectetur adipiscing elit, sed Lorem ipsum dolor sit amet, consectetur adipiscing elit, sed Lorem ipsum dolor sit amet, consectetur adipiscing elit, sed Lorem ipsum dolor sit amet, consectetur adipiscing elit, sedLorem ipsum dolor sit amet, consectetur adipiscing elit, sed Lorem ipsum dolor sit amet, consectetur adipiscing elit, sed Lorem ipsum dolor sit amet, consectetur adipiscing elit, sed Lorem ipsum dolor sit amet, consectetur adipiscing elit, sed</p>\r\n<!-- /wp:paragraph -->', 'App\\Models\\Blog\\Article', 10, 'page', '2020-04-29 11:57:37', '2020-04-29 11:57:37');
INSERT INTO `lb_contents` VALUES (23, '<!-- wp:paragraph -->\r\n<p>Lorem ipsum dolor sit amet, consectetur adipiscing elit, sed Lorem ipsum dolorLorem ipsum dolor sit amet, consectetur adipiscing elit, sed Lorem ipsum dolorLorem ipsum dolor sit amet, consectetur adipiscing elit, sed Lorem ipsum dolorLorem ipsum dolor sit amet, consectetur adipiscing elit, sed Lorem ipsum dolorLorem ipsum dolor sit amet, consectetur adipiscing elit, sed Lorem ipsum dolorLorem ipsum dolor sit amet, consectetur adipiscing elit, sed Lorem ipsum dolorLorem ipsum dolor sit amet, consectetur adipiscing elit, sed Lorem ipsum dolorLorem ipsum dolor sit amet, consectetur adipiscing elit, sed Lorem ipsum dolorLorem ipsum dolor sit amet, consectetur adipiscing elit, sed Lorem ipsum dolorLorem ipsum dolor sit amet, consectetur adipiscing elit, sed Lorem ipsum dolorLorem ipsum dolor sit amet, consectetur adipiscing elit, sed Lorem ipsum dolorLorem ipsum dolor sit amet, consectetur adipiscing elit, sed Lorem ipsum dolorLorem ipsum dolor sit amet, consectetur adipiscing elit, sed Lorem ipsum dolorLorem ipsum dolor sit amet, consectetur adipiscing elit, sed Lorem ipsum dolorLorem ipsum dolor sit amet, consectetur adipiscing elit, sed Lorem ipsum dolorLorem ipsum dolor sit amet, consectetur adipiscing elit, sed Lorem ipsum dolorLorem ipsum dolor sit amet, consectetur adipiscing elit, sed Lorem ipsum dolorLorem ipsum dolor sit amet, consectetur adipiscing elit, sed Lorem ipsum dolorLorem ipsum dolor sit amet, consectetur adipiscing elit, sed Lorem ipsum dolor</p>\r\n<!-- /wp:paragraph -->', '<!-- wp:paragraph -->\r\n<p>Lorem ipsum dolor sit amet, consectetur adipiscing elit, sed Lorem ipsum dolorLorem ipsum dolor sit amet, consectetur adipiscing elit, sed Lorem ipsum dolorLorem ipsum dolor sit amet, consectetur adipiscing elit, sed Lorem ipsum dolorLorem ipsum dolor sit amet, consectetur adipiscing elit, sed Lorem ipsum dolorLorem ipsum dolor sit amet, consectetur adipiscing elit, sed Lorem ipsum dolorLorem ipsum dolor sit amet, consectetur adipiscing elit, sed Lorem ipsum dolorLorem ipsum dolor sit amet, consectetur adipiscing elit, sed Lorem ipsum dolorLorem ipsum dolor sit amet, consectetur adipiscing elit, sed Lorem ipsum dolorLorem ipsum dolor sit amet, consectetur adipiscing elit, sed Lorem ipsum dolorLorem ipsum dolor sit amet, consectetur adipiscing elit, sed Lorem ipsum dolorLorem ipsum dolor sit amet, consectetur adipiscing elit, sed Lorem ipsum dolorLorem ipsum dolor sit amet, consectetur adipiscing elit, sed Lorem ipsum dolorLorem ipsum dolor sit amet, consectetur adipiscing elit, sed Lorem ipsum dolorLorem ipsum dolor sit amet, consectetur adipiscing elit, sed Lorem ipsum dolorLorem ipsum dolor sit amet, consectetur adipiscing elit, sed Lorem ipsum dolorLorem ipsum dolor sit amet, consectetur adipiscing elit, sed Lorem ipsum dolorLorem ipsum dolor sit amet, consectetur adipiscing elit, sed Lorem ipsum dolorLorem ipsum dolor sit amet, consectetur adipiscing elit, sed Lorem ipsum dolorLorem ipsum dolor sit amet, consectetur adipiscing elit, sed Lorem ipsum dolor</p>\r\n<!-- /wp:paragraph -->', 'App\\Models\\Blog\\Article', 11, 'page', '2020-04-29 11:58:04', '2020-04-29 11:58:04');

-- ----------------------------
-- Table structure for migrations
-- ----------------------------
DROP TABLE IF EXISTS `migrations`;
CREATE TABLE `migrations`  (
  `id` int(10) UNSIGNED NOT NULL AUTO_INCREMENT,
  `migration` varchar(255) CHARACTER SET utf8mb4 COLLATE utf8mb4_unicode_ci NOT NULL,
  `batch` int(11) NOT NULL,
  PRIMARY KEY (`id`) USING BTREE
) ENGINE = InnoDB AUTO_INCREMENT = 20 CHARACTER SET = utf8mb4 COLLATE = utf8mb4_unicode_ci ROW_FORMAT = Dynamic;

-- ----------------------------
-- Records of migrations
-- ----------------------------
INSERT INTO `migrations` VALUES (9, '2014_10_12_000000_create_users_table', 1);
INSERT INTO `migrations` VALUES (10, '2014_10_12_100000_create_password_resets_table', 1);
INSERT INTO `migrations` VALUES (11, '2019_02_08_105647_create_blocks_contents_tables', 1);
INSERT INTO `migrations` VALUES (12, '2019_08_19_000000_create_failed_jobs_table', 1);
INSERT INTO `migrations` VALUES (13, '2020_04_21_185408_create_articles_table', 1);
INSERT INTO `migrations` VALUES (14, '2020_04_21_185442_create_article_categories_table', 1);
INSERT INTO `migrations` VALUES (15, '2020_04_29_004808_create_article_article_category_table', 2);
INSERT INTO `migrations` VALUES (17, '2020_04_29_011101_create_article_populars_table', 3);
INSERT INTO `migrations` VALUES (18, '2020_04_29_023110_add_avatar_path_user_table', 4);
INSERT INTO `migrations` VALUES (19, '2020_04_29_024943_add_soft_delete_user_table', 5);

-- ----------------------------
-- Table structure for password_resets
-- ----------------------------
DROP TABLE IF EXISTS `password_resets`;
CREATE TABLE `password_resets`  (
  `email` varchar(255) CHARACTER SET utf8mb4 COLLATE utf8mb4_unicode_ci NOT NULL,
  `token` varchar(255) CHARACTER SET utf8mb4 COLLATE utf8mb4_unicode_ci NOT NULL,
  `created_at` timestamp(0) NULL DEFAULT NULL,
  INDEX `password_resets_email_index`(`email`) USING BTREE
) ENGINE = InnoDB CHARACTER SET = utf8mb4 COLLATE = utf8mb4_unicode_ci ROW_FORMAT = Dynamic;

-- ----------------------------
-- Table structure for users
-- ----------------------------
DROP TABLE IF EXISTS `users`;
CREATE TABLE `users`  (
  `id` bigint(20) UNSIGNED NOT NULL AUTO_INCREMENT,
  `name` varchar(255) CHARACTER SET utf8mb4 COLLATE utf8mb4_unicode_ci NOT NULL,
  `avatar_path` varchar(255) CHARACTER SET utf8mb4 COLLATE utf8mb4_unicode_ci NULL DEFAULT '/cpanel/not_avatar.png',
  `email` varchar(255) CHARACTER SET utf8mb4 COLLATE utf8mb4_unicode_ci NOT NULL,
  `email_verified_at` timestamp(0) NULL DEFAULT NULL,
  `password` varchar(255) CHARACTER SET utf8mb4 COLLATE utf8mb4_unicode_ci NOT NULL,
  `remember_token` varchar(100) CHARACTER SET utf8mb4 COLLATE utf8mb4_unicode_ci NULL DEFAULT NULL,
  `created_at` timestamp(0) NULL DEFAULT NULL,
  `updated_at` timestamp(0) NULL DEFAULT NULL,
  `deleted_at` timestamp(0) NULL DEFAULT NULL,
  PRIMARY KEY (`id`) USING BTREE,
  UNIQUE INDEX `users_email_unique`(`email`) USING BTREE
) ENGINE = InnoDB AUTO_INCREMENT = 6 CHARACTER SET = utf8mb4 COLLATE = utf8mb4_unicode_ci ROW_FORMAT = Dynamic;

-- ----------------------------
-- Records of users
-- ----------------------------
INSERT INTO `users` VALUES (1, 'Andrei', '/cpanel/not_avatar.png', 'dnsxss@gmail.com', NULL, '$2y$10$f/SQIKw3Vau3i/nQk4FuCOgClwNZV9LGYyo5HklCxHypzOeeKa2hq', NULL, '2020-04-28 23:51:33', '2020-04-29 02:56:11', NULL);
INSERT INTO `users` VALUES (2, 'Adasdas', '/cpanel/not_avatar.png', 'dnsxss1@ail.com', NULL, '$2y$10$EasmDPhkqrV07JmjYTPId.Sf0dfU0KJirjrnxq8zoaIpEcNZwuNDa', NULL, '2020-04-29 02:30:27', '2020-04-29 02:30:27', NULL);
INSERT INTO `users` VALUES (3, 'asdasd', '/cpanel/not_avatar.png', 'dnsx22@gmail.com', NULL, '$2y$10$ansRmt6.t5s7N1VdpnLa5.jv0XWDfx.Kw5ucilEF/otBx8ho5OYK.', NULL, '2020-04-29 02:38:58', '2020-04-29 02:38:58', NULL);
INSERT INTO `users` VALUES (4, '123123', '/cpanel/not_avatar.png', 'dn3x22@gmail.com', NULL, '$2y$10$maoIcwJR3/YboPLPBVJvguQFCfNTEn740x2kG/JXG7.IvRpfeCUTi', NULL, '2020-04-29 02:39:39', '2020-04-29 02:39:39', NULL);
INSERT INTO `users` VALUES (5, '123123', '/photos/shares/61a2d5685f8477c4a7802b33a7acb28d.jpg', '3n3x22@gmail.com', NULL, '$2y$10$N8WfSgB9FXIf1u9jlRFzeuFLF5lIpi5ij4mw8BdYsnlixPKc8FaEq', NULL, '2020-04-29 02:41:08', '2020-04-29 02:51:10', '2020-04-29 02:51:10');

SET FOREIGN_KEY_CHECKS = 1;
